--------------------------------------------------------
--  File created - Wednesday-August-16-2023   
--------------------------------------------------------
--------------------------------------------------------
--  DDL for Table APPOINTMENT
--------------------------------------------------------

  CREATE TABLE "SHREYA"."APPOINTMENT" 
   (	"APPTID" NUMBER, 
	"CUSTID" NUMBER, 
	"TECHID" NUMBER, 
	"SERID" NUMBER
   ) SEGMENT CREATION IMMEDIATE 
  PCTFREE 10 PCTUSED 40 INITRANS 1 MAXTRANS 255 NOCOMPRESS LOGGING
  STORAGE(INITIAL 65536 NEXT 1048576 MINEXTENTS 1 MAXEXTENTS 2147483645
  PCTINCREASE 0 FREELISTS 1 FREELIST GROUPS 1 BUFFER_POOL DEFAULT FLASH_CACHE DEFAULT CELL_FLASH_CACHE DEFAULT)
  TABLESPACE "SYSTEM" ;
--------------------------------------------------------
--  DDL for Table CUSTOMER
--------------------------------------------------------

  CREATE TABLE "SHREYA"."CUSTOMER" 
   (	"CUSTID" NUMBER, 
	"CUSTNAME" VARCHAR2(20 BYTE), 
	"CUSTADDRESS" VARCHAR2(20 BYTE), 
	"CUSTCONTACTNO" VARCHAR2(20 BYTE)
   ) SEGMENT CREATION IMMEDIATE 
  PCTFREE 10 PCTUSED 40 INITRANS 1 MAXTRANS 255 NOCOMPRESS LOGGING
  STORAGE(INITIAL 65536 NEXT 1048576 MINEXTENTS 1 MAXEXTENTS 2147483645
  PCTINCREASE 0 FREELISTS 1 FREELIST GROUPS 1 BUFFER_POOL DEFAULT FLASH_CACHE DEFAULT CELL_FLASH_CACHE DEFAULT)
  TABLESPACE "SYSTEM" ;
--------------------------------------------------------
--  DDL for Table SERVICE
--------------------------------------------------------

  CREATE TABLE "SHREYA"."SERVICE" 
   (	"SERID" NUMBER, 
	"SERDESC" VARCHAR2(20 BYTE), 
	"SERCHARGES" FLOAT(126)
   ) SEGMENT CREATION IMMEDIATE 
  PCTFREE 10 PCTUSED 40 INITRANS 1 MAXTRANS 255 NOCOMPRESS LOGGING
  STORAGE(INITIAL 65536 NEXT 1048576 MINEXTENTS 1 MAXEXTENTS 2147483645
  PCTINCREASE 0 FREELISTS 1 FREELIST GROUPS 1 BUFFER_POOL DEFAULT FLASH_CACHE DEFAULT CELL_FLASH_CACHE DEFAULT)
  TABLESPACE "SYSTEM" ;
--------------------------------------------------------
--  DDL for Table TABLE2
--------------------------------------------------------

  CREATE TABLE "SHREYA"."TABLE2" 
   (	"ID" NUMBER, 
	"AGE" NUMBER
   ) SEGMENT CREATION IMMEDIATE 
  PCTFREE 10 PCTUSED 40 INITRANS 1 MAXTRANS 255 NOCOMPRESS LOGGING
  STORAGE(INITIAL 65536 NEXT 1048576 MINEXTENTS 1 MAXEXTENTS 2147483645
  PCTINCREASE 0 FREELISTS 1 FREELIST GROUPS 1 BUFFER_POOL DEFAULT FLASH_CACHE DEFAULT CELL_FLASH_CACHE DEFAULT)
  TABLESPACE "SYSTEM" ;
--------------------------------------------------------
--  DDL for Table TECHNICIAN
--------------------------------------------------------

  CREATE TABLE "SHREYA"."TECHNICIAN" 
   (	"TECHID" NUMBER, 
	"TECHNAME" VARCHAR2(20 BYTE), 
	"TECHADDRESS" VARCHAR2(20 BYTE), 
	"TECHCONTACTNO" VARCHAR2(20 BYTE)
   ) SEGMENT CREATION IMMEDIATE 
  PCTFREE 10 PCTUSED 40 INITRANS 1 MAXTRANS 255 NOCOMPRESS LOGGING
  STORAGE(INITIAL 65536 NEXT 1048576 MINEXTENTS 1 MAXEXTENTS 2147483645
  PCTINCREASE 0 FREELISTS 1 FREELIST GROUPS 1 BUFFER_POOL DEFAULT FLASH_CACHE DEFAULT CELL_FLASH_CACHE DEFAULT)
  TABLESPACE "SYSTEM" ;
REM INSERTING into SHREYA.APPOINTMENT
SET DEFINE OFF;
Insert into SHREYA.APPOINTMENT (APPTID,CUSTID,TECHID,SERID) values (3,3,3,3);
Insert into SHREYA.APPOINTMENT (APPTID,CUSTID,TECHID,SERID) values (2,2,2,2);
Insert into SHREYA.APPOINTMENT (APPTID,CUSTID,TECHID,SERID) values (4,4,4,4);
Insert into SHREYA.APPOINTMENT (APPTID,CUSTID,TECHID,SERID) values (5,5,5,5);
REM INSERTING into SHREYA.CUSTOMER
SET DEFINE OFF;
Insert into SHREYA.CUSTOMER (CUSTID,CUSTNAME,CUSTADDRESS,CUSTCONTACTNO) values (2,'yash','jaipur','3366557744');
Insert into SHREYA.CUSTOMER (CUSTID,CUSTNAME,CUSTADDRESS,CUSTCONTACTNO) values (1,'shreya','delhi','6677990088');
Insert into SHREYA.CUSTOMER (CUSTID,CUSTNAME,CUSTADDRESS,CUSTCONTACTNO) values (3,'pranav','Prayagraj','6677889900');
Insert into SHREYA.CUSTOMER (CUSTID,CUSTNAME,CUSTADDRESS,CUSTCONTACTNO) values (4,'soumyajit','West Bengal','7799008866');
Insert into SHREYA.CUSTOMER (CUSTID,CUSTNAME,CUSTADDRESS,CUSTCONTACTNO) values (5,'rupak','jaipur','4466778855');
REM INSERTING into SHREYA.SERVICE
SET DEFINE OFF;
Insert into SHREYA.SERVICE (SERID,SERDESC,SERCHARGES) values (2,'cluth repair',200);
Insert into SHREYA.SERVICE (SERID,SERDESC,SERCHARGES) values (3,'break repair',250);
Insert into SHREYA.SERVICE (SERID,SERDESC,SERCHARGES) values (4,'aligning',500);
Insert into SHREYA.SERVICE (SERID,SERDESC,SERCHARGES) values (5,'oiling',100);
Insert into SHREYA.SERVICE (SERID,SERDESC,SERCHARGES) values (1,'handle aligning',1200);
REM INSERTING into SHREYA.TABLE2
SET DEFINE OFF;
Insert into SHREYA.TABLE2 (ID,AGE) values (3,89);
Insert into SHREYA.TABLE2 (ID,AGE) values (2,18);
Insert into SHREYA.TABLE2 (ID,AGE) values (4,52);
REM INSERTING into SHREYA.TECHNICIAN
SET DEFINE OFF;
Insert into SHREYA.TECHNICIAN (TECHID,TECHNAME,TECHADDRESS,TECHCONTACTNO) values (1,'Pranav','Prayagraj','1627389917');
Insert into SHREYA.TECHNICIAN (TECHID,TECHNAME,TECHADDRESS,TECHCONTACTNO) values (2,'yash','jaipur','8899000000');
Insert into SHREYA.TECHNICIAN (TECHID,TECHNAME,TECHADDRESS,TECHCONTACTNO) values (3,'soumya','delhi','2244667788');
Insert into SHREYA.TECHNICIAN (TECHID,TECHNAME,TECHADDRESS,TECHCONTACTNO) values (4,'shreya','pune','1133557799');
Insert into SHREYA.TECHNICIAN (TECHID,TECHNAME,TECHADDRESS,TECHCONTACTNO) values (5,'rupak','goa','5577443311');
--------------------------------------------------------
--  DDL for Index CUSTOMERPRIMARY
--------------------------------------------------------

  CREATE UNIQUE INDEX "SHREYA"."CUSTOMERPRIMARY" ON "SHREYA"."CUSTOMER" ("CUSTID") 
  PCTFREE 10 INITRANS 2 MAXTRANS 255 COMPUTE STATISTICS 
  STORAGE(INITIAL 65536 NEXT 1048576 MINEXTENTS 1 MAXEXTENTS 2147483645
  PCTINCREASE 0 FREELISTS 1 FREELIST GROUPS 1 BUFFER_POOL DEFAULT FLASH_CACHE DEFAULT CELL_FLASH_CACHE DEFAULT)
  TABLESPACE "SYSTEM" ;
--------------------------------------------------------
--  DDL for Index SERVICE_PK
--------------------------------------------------------

  CREATE UNIQUE INDEX "SHREYA"."SERVICE_PK" ON "SHREYA"."SERVICE" ("SERID") 
  PCTFREE 10 INITRANS 2 MAXTRANS 255 
  STORAGE(INITIAL 65536 NEXT 1048576 MINEXTENTS 1 MAXEXTENTS 2147483645
  PCTINCREASE 0 FREELISTS 1 FREELIST GROUPS 1 BUFFER_POOL DEFAULT FLASH_CACHE DEFAULT CELL_FLASH_CACHE DEFAULT)
  TABLESPACE "SYSTEM" ;
--------------------------------------------------------
--  DDL for Index APPOINTMENT_PK
--------------------------------------------------------

  CREATE UNIQUE INDEX "SHREYA"."APPOINTMENT_PK" ON "SHREYA"."APPOINTMENT" ("APPTID") 
  PCTFREE 10 INITRANS 2 MAXTRANS 255 
  STORAGE(INITIAL 65536 NEXT 1048576 MINEXTENTS 1 MAXEXTENTS 2147483645
  PCTINCREASE 0 FREELISTS 1 FREELIST GROUPS 1 BUFFER_POOL DEFAULT FLASH_CACHE DEFAULT CELL_FLASH_CACHE DEFAULT)
  TABLESPACE "SYSTEM" ;
--------------------------------------------------------
--  DDL for Index TECHNICIANPRIMARY
--------------------------------------------------------

  CREATE UNIQUE INDEX "SHREYA"."TECHNICIANPRIMARY" ON "SHREYA"."TECHNICIAN" ("TECHID") 
  PCTFREE 10 INITRANS 2 MAXTRANS 255 COMPUTE STATISTICS 
  STORAGE(INITIAL 65536 NEXT 1048576 MINEXTENTS 1 MAXEXTENTS 2147483645
  PCTINCREASE 0 FREELISTS 1 FREELIST GROUPS 1 BUFFER_POOL DEFAULT FLASH_CACHE DEFAULT CELL_FLASH_CACHE DEFAULT)
  TABLESPACE "SYSTEM" ;
--------------------------------------------------------
--  Constraints for Table TABLE2
--------------------------------------------------------

  ALTER TABLE "SHREYA"."TABLE2" MODIFY ("AGE" NOT NULL ENABLE);
  ALTER TABLE "SHREYA"."TABLE2" MODIFY ("ID" NOT NULL ENABLE);
--------------------------------------------------------
--  Constraints for Table APPOINTMENT
--------------------------------------------------------

  ALTER TABLE "SHREYA"."APPOINTMENT" ADD CONSTRAINT "APPOINTMENT_PK" PRIMARY KEY ("APPTID")
  USING INDEX PCTFREE 10 INITRANS 2 MAXTRANS 255 
  STORAGE(INITIAL 65536 NEXT 1048576 MINEXTENTS 1 MAXEXTENTS 2147483645
  PCTINCREASE 0 FREELISTS 1 FREELIST GROUPS 1 BUFFER_POOL DEFAULT FLASH_CACHE DEFAULT CELL_FLASH_CACHE DEFAULT)
  TABLESPACE "SYSTEM"  ENABLE;
  ALTER TABLE "SHREYA"."APPOINTMENT" MODIFY ("SERID" NOT NULL ENABLE);
  ALTER TABLE "SHREYA"."APPOINTMENT" MODIFY ("TECHID" NOT NULL ENABLE);
  ALTER TABLE "SHREYA"."APPOINTMENT" MODIFY ("CUSTID" NOT NULL ENABLE);
  ALTER TABLE "SHREYA"."APPOINTMENT" MODIFY ("APPTID" NOT NULL ENABLE);
--------------------------------------------------------
--  Constraints for Table TECHNICIAN
--------------------------------------------------------

  ALTER TABLE "SHREYA"."TECHNICIAN" ADD CONSTRAINT "TECHNICIANPRIMARY" PRIMARY KEY ("TECHID")
  USING INDEX PCTFREE 10 INITRANS 2 MAXTRANS 255 COMPUTE STATISTICS 
  STORAGE(INITIAL 65536 NEXT 1048576 MINEXTENTS 1 MAXEXTENTS 2147483645
  PCTINCREASE 0 FREELISTS 1 FREELIST GROUPS 1 BUFFER_POOL DEFAULT FLASH_CACHE DEFAULT CELL_FLASH_CACHE DEFAULT)
  TABLESPACE "SYSTEM"  ENABLE;
  ALTER TABLE "SHREYA"."TECHNICIAN" MODIFY ("TECHID" NOT NULL ENABLE);
--------------------------------------------------------
--  Constraints for Table CUSTOMER
--------------------------------------------------------

  ALTER TABLE "SHREYA"."CUSTOMER" ADD CONSTRAINT "CUSTOMERPRIMARY" PRIMARY KEY ("CUSTID")
  USING INDEX PCTFREE 10 INITRANS 2 MAXTRANS 255 COMPUTE STATISTICS 
  STORAGE(INITIAL 65536 NEXT 1048576 MINEXTENTS 1 MAXEXTENTS 2147483645
  PCTINCREASE 0 FREELISTS 1 FREELIST GROUPS 1 BUFFER_POOL DEFAULT FLASH_CACHE DEFAULT CELL_FLASH_CACHE DEFAULT)
  TABLESPACE "SYSTEM"  ENABLE;
  ALTER TABLE "SHREYA"."CUSTOMER" MODIFY ("CUSTID" NOT NULL ENABLE);
--------------------------------------------------------
--  Constraints for Table SERVICE
--------------------------------------------------------

  ALTER TABLE "SHREYA"."SERVICE" ADD CONSTRAINT "SERVICE_PK" PRIMARY KEY ("SERID")
  USING INDEX PCTFREE 10 INITRANS 2 MAXTRANS 255 
  STORAGE(INITIAL 65536 NEXT 1048576 MINEXTENTS 1 MAXEXTENTS 2147483645
  PCTINCREASE 0 FREELISTS 1 FREELIST GROUPS 1 BUFFER_POOL DEFAULT FLASH_CACHE DEFAULT CELL_FLASH_CACHE DEFAULT)
  TABLESPACE "SYSTEM"  ENABLE;
  ALTER TABLE "SHREYA"."SERVICE" MODIFY ("SERID" NOT NULL ENABLE);
--------------------------------------------------------
--  Ref Constraints for Table APPOINTMENT
--------------------------------------------------------

  ALTER TABLE "SHREYA"."APPOINTMENT" ADD CONSTRAINT "APPTCUSTFK" FOREIGN KEY ("CUSTID")
	  REFERENCES "SHREYA"."CUSTOMER" ("CUSTID") ENABLE;
  ALTER TABLE "SHREYA"."APPOINTMENT" ADD CONSTRAINT "APPTSERFK" FOREIGN KEY ("SERID")
	  REFERENCES "SHREYA"."SERVICE" ("SERID") ENABLE;
  ALTER TABLE "SHREYA"."APPOINTMENT" ADD CONSTRAINT "APPTTECHFK" FOREIGN KEY ("TECHID")
	  REFERENCES "SHREYA"."TECHNICIAN" ("TECHID") ENABLE;
